,AIR.PA,SAF.PA,SU.PA,SIE.DE,ENR.DE,ABBN.SW,ALO.PA,MT.AS,RNO.PA,VOW3.DE,PRY.MI,SAND.ST
2024-09-23,127.6585,206.7194,230.5373,160.2634,33.0889,46.4805,17.6550,20.6848,34.5405,81.5811,64.2277,204.9595
2024-09-24,129.5599,209.7507,232.1332,162.9807,32.9395,46.9638,17.8050,21.6689,34.9482,82.9003,62.8434,208.0200
2024-09-25,128.1963,208.4795,233.2455,165.0857,33.5270,48.0656,18.1700,21.4277,34.5050,81.8977,64.1692,208.5939
2024-09-26,129.0029,211.3153,236.5340,173.8882,33.2084,48.5392,18.6950,22.4407,35.3204,83.5687,64.8712,216.8190
2024-09-27,128.5036,208.6751,232.4717,174.9598,32.7603,47.7177,18.9300,22.6047,36.5968,85.4156,63.2138,218.6362
2024-09-30,126.0069,206.4260,228.4577,173.5055,32.9296,47.3504,18.6350,22.7108,34.5582,83.6918,63.5648,217.0103
2024-10-01,123.6254,205.7415,228.1192,172.0894,33.8058,47.3504,18.4650,22.7012,33.4591,82.0560,63.5258,214.2367
2024-10-02,122.2810,205.1548,229.0381,172.8166,33.8457,47.6983,18.3550,22.7108,32.4930,81.6514,63.8573,214.7149
2024-10-03,121.5320,202.5146,225.5561,171.8215,34.0448,47.3407,18.6300,22.3924,31.8283,80.3674,63.3503,211.4631
2024-10-04,121.8009,203.3947,227.0553,174.9790,35.1999,47.5050,19.4300,22.5275,32.7678,82.6540,62.7849,214.6192
2024-10-07,122.3386,198.9943,228.3610,176.4142,35.1003,47.3890,19.4800,22.4021,32.7944,82.5133,63.7598,213.8541
2024-10-08,121.3207,199.8744,230.6340,172.3956,35.3094,47.7563,19.4050,21.6206,33.7605,81.3348,63.4478,209.2633
2024-10-09,122.3770,199.3854,234.3094,176.4907,35.4687,48.2783,19.7250,21.7846,34.8773,82.1791,64.2472,210.3154
2024-10-10,122.8188,196.8430,231.3110,175.4382,34.5427,47.5244,19.5000,21.8136,34.7975,81.8977,63.0773,208.3069
2024-10-11,127.6393,200.2655,233.6324,177.8111,35.6779,48.1526,19.6250,21.8811,34.8684,81.4755,64.0912,210.7936
2024-10-14,129.7519,204.1770,235.6635,177.2561,35.9666,48.8292,19.3950,21.7267,34.8241,81.0534,64.7347,209.7415
2024-10-15,130.3665,203.7858,232.2782,174.9407,34.5228,47.9206,19.2000,21.2829,34.7266,80.7192,63.8573,205.8202
2024-10-16,130.5585,203.8836,230.8758,173.1802,34.8613,47.5050,20.4400,21.2829,35.4091,80.2442,64.5787,206.3941
2024-10-17,135.6864,209.6530,239.3390,176.3185,36.3251,48.6552,20.4500,21.3312,35.8257,79.7341,66.0021,205.1507
2024-10-18,134.0155,210.3375,237.9849,177.5815,36.3649,47.8820,20.5100,21.6882,35.8788,80.8423,66.2166,208.1156
2024-10-21,133.3241,208.7729,235.3250,177.1031,36.4645,47.4760,20.4100,21.3505,35.9497,80.0684,65.8266,203.8118
2024-10-22,135.6288,205.7415,234.2127,175.5722,36.3251,47.4567,20.3400,21.3794,36.1891,80.3146,64.8517,202.7597
2024-10-23,135.5712,205.8393,232.2299,173.3715,36.0861,46.7705,20.2500,21.1961,35.6927,79.9980,64.4617,201.4207
2024-10-24,135.5135,205.5460,232.8102,171.7067,36.8429,46.7511,20.2300,21.1865,37.3856,81.7042,65.2612,199.4123
2024-10-25,134.8990,206.8172,234.4061,172.6252,38.1872,47.1184,20.5500,21.4470,38.2010,81.1589,66.2946,201.8033
2024-10-28,134.3228,206.7194,237.1143,173.9839,37.7889,47.5147,20.2900,22.1705,38.3783,80.7895,66.8405,205.5333
2024-10-29,134.7645,205.1548,232.9553,173.2376,37.9183,47.1667,20.3000,22.1127,37.9085,78.2038,66.0801,204.9595
2024-10-30,134.1884,204.8615,234.3578,171.7259,37.7092,46.9444,20.1000,21.8715,37.2527,79.0481,63.7208,203.6205
2024-10-31,134.5917,203.1991,229.4250,170.6925,37.3706,46.2969,20.0600,21.8811,37.1374,78.2214,63.1943,199.8905
2024-11-01,135.9745,205.8393,232.0364,173.6777,38.1473,46.7898,19.9800,21.8811,36.4106,77.8345,62.9798,200.9425
2024-11-04,134.7069,206.2305,226.6200,173.4672,38.4859,46.6448,20.4100,21.9390,36.1891,77.6234,62.2584,200.1774
2024-11-05,136.1858,212.3910,231.7946,176.0506,38.7846,47.8143,20.5900,22.2188,36.2422,77.4651,62.4729,200.5600
2024-11-06,136.7043,214.7378,231.4077,176.1463,38.0975,48.5199,20.1000,22.3153,36.1093,74.1582,61.6150,200.8469
2024-11-07,138.6632,218.1603,232.6651,179.8586,38.3465,48.4619,20.4900,23.7624,35.9054,75.4423,59.2946,207.3505
2024-11-08,136.6467,214.9334,232.8586,175.1703,39.3522,48.3266,20.2000,23.2897,36.0650,73.9999,60.6010,202.5684
2024-11-11,139.7003,220.5072,240.6447,177.8111,40.5073,48.9645,20.5700,23.1630,36.3043,74.3517,62.6094,203.0466
2024-11-12,134.5533,212.0976,230.8274,170.2524,38.7846,47.8433,19.8250,22.0906,36.2511,73.8064,59.1777,194.2476
2024-11-13,132.9592,214.1511,233.2938,171.6493,46.1333,48.0463,19.6500,22.0516,35.8611,71.9947,60.6985,193.3869
2024-11-14,133.4010,213.6622,237.3078,180.0691,46.0138,48.5585,22.0400,22.9192,36.5170,73.2787,61.4200,194.2476
2024-11-15,132.5559,212.2932,234.3094,179.3037,46.7905,48.1816,22.7300,23.3872,36.4993,73.8592,59.3921,195.0128
2024-11-18,133.0360,213.4666,231.7463,176.0506,45.4462,47.6307,22.2100,23.5042,37.0754,73.8240,59.7236,195.9692
2024-11-19,131.8069,213.1733,231.1659,170.1567,45.5059,47.3697,21.2700,23.4067,36.8361,72.9797,58.4367,193.5781
2024-11-20,132.3639,213.2710,229.0381,168.9320,45.4263,47.4084,21.3100,23.2312,36.0118,71.9067,59.0412,192.3348
2024-11-21,133.9579,214.5423,232.2299,168.3962,47.0693,47.9206,20.8900,23.3092,35.9409,71.4494,59.6846,193.4825
2024-11-22,132.4599,215.2268,233.8258,169.8888,48.1447,48.4812,21.0500,23.3872,35.7282,71.9419,60.3671,193.7694
2024-11-25,132.8248,213.3688,232.4717,173.0080,49.0409,48.2879,21.1600,23.2897,35.3913,72.4696,61.2445,194.3433
2024-11-26,131.2691,213.3688,231.2143,172.5296,48.1547,47.8820,20.9000,22.4123,35.0368,70.7458,60.2501,192.2392
2024-11-27,133.8427,212.7821,229.8602,171.2475,48.3638,47.3794,20.6900,22.5683,34.7886,70.6403,60.6010,191.6653
2024-11-28,139.3738,214.2489,231.5045,173.0654,50.1262,47.8240,20.9400,23.0265,35.1343,70.9041,60.9910,192.4305
2024-11-29,141.6977,215.6179,235.5184,175.2469,50.8034,48.5972,21.2900,23.2409,35.9231,70.9921,60.8545,192.9087
2024-12-02,144.5401,216.8891,235.1316,179.9926,51.2813,49.3124,20.4000,23.5626,35.1875,70.9393,61.4590,197.3082
2024-12-03,146.0381,222.2673,235.8570,181.9827,51.0224,49.5444,20.1900,23.3482,35.1964,70.6755,62.7459,200.3687
2024-12-04,148.0931,223.5386,240.9349,183.6093,51.2813,50.3756,21.1500,23.0362,36.9070,71.5725,63.3308,202.0902
2024-12-05,147.4401,207.2083,240.4996,184.7191,52.7949,50.3176,21.5900,23.4262,37.7667,72.2761,62.7849,202.1859
2024-12-06,148.9958,208.1862,243.4497,185.3315,51.6398,50.2596,21.5500,23.5431,38.7240,73.1204,62.8824,203.6205
2024-12-09,150.7243,205.7415,240.1611,185.7525,51.4207,50.2016,21.4800,24.0013,38.7860,74.1758,60.2501,206.3941
2024-12-10,149.9944,201.3412,234.7930,184.5469,49.1803,49.5637,22.0700,23.9623,39.0874,75.6006,60.6595,204.0031
2024-12-11,150.0329,205.6438,239.6291,187.0729,50.8432,50.2016,22.1300,23.9721,39.0696,75.7237,61.8099,203.9074
2024-12-12,153.5475,203.4925,236.6791,185.6185,48.8517,50.0857,22.1000,23.6699,39.0962,76.3745,60.2501,200.5600
2024-12-13,153.8547,204.4703,236.6791,183.1117,48.6724,49.8730,22.1500,23.1337,39.6812,77.4123,60.1331,199.4123
2024-12-16,151.5885,205.7415,236.6308,182.0975,50.8830,50.2403,22.4500,23.0167,39.2824,75.8468,60.8350,195.9692
2024-12-17,152.2415,207.0127,237.8398,184.5852,50.8830,50.1437,22.2700,22.3343,39.4419,76.2162,59.5481,196.4474
2024-12-18,152.5488,209.3596,240.0160,186.3074,51.0025,49.7957,22.2400,22.2758,41.4982,77.0781,60.2891,196.4474
2024-12-19,150.3017,206.5238,232.7619,181.2556,49.7877,47.0991,21.9800,21.8956,41.0196,76.7967,59.5676,191.2828
2024-12-20,148.6309,205.3504,231.8914,181.0833,50.4847,47.2247,21.9200,21.7006,41.4982,78.0983,59.5481,190.3263
2024-12-23,147.7858,204.9593,231.2627,180.8154,50.9029,47.5437,21.8400,21.5739,41.0018,76.5504,59.9966,190.0394
2024-12-24,147.5938,205.0570,231.9397,180.8154,50.9029,47.5437,21.5500,21.7104,41.7286,76.5504,59.9966,190.0394
2024-12-27,149.1302,206.3282,233.1488,181.4086,49.8673,47.8820,21.7900,21.6519,41.5248,77.9752,60.5620,190.9480
2024-12-30,148.2468,205.7415,231.5528,180.4136,50.1661,47.4277,21.6300,21.5154,41.3475,78.3094,60.1136,189.6569
2024-12-31,148.6309,207.4039,233.0037,180.4136,50.1661,47.4277,21.5600,21.8664,41.7021,78.3094,60.1136,189.6569
2025-01-02,153.7779,210.1419,233.6807,180.9494,50.6241,47.4277,21.9700,21.9444,41.7109,76.8318,61.4785,192.4305
2025-01-03,152.2799,206.9150,232.3266,178.7105,51.7593,47.5147,21.4300,20.9207,40.8423,76.3569,61.3030,191.2828
2025-01-06,153.2978,208.9685,242.9177,184.7383,54.2885,47.9496,22.2900,20.9792,41.6577,78.6964,62.4534,191.2828
2025-01-07,152.1070,211.1198,244.7554,185.1784,53.4720,47.8240,21.3200,20.8038,41.9325,78.9602,62.4924,195.5866
2025-01-08,152.2799,211.4131,243.1595,187.1877,50.2856,48.2106,20.2600,20.6185,41.7907,78.5556,62.3559,196.1605
2025-01-09,150.3594,215.7157,247.2218,188.1062,51.6796,48.2976,20.3700,20.7550,40.6030,78.8898,64.7347,198.7428
2025-01-10,151.3004,215.5201,242.3374,186.0970,49.2898,47.6017,19.7850,21.0865,40.5853,79.4703,64.2277,194.8215
2025-01-13,149.2646,214.0533,239.8709,184.8340,49.0210,47.0024,19.6350,21.2035,40.6119,79.9452,62.2584,193.3869
2025-01-14,149.7832,217.5736,241.7086,185.5803,50.6241,47.3117,19.9900,21.2912,41.3564,80.8071,62.3559,192.6217
2025-01-15,148.2468,217.3781,243.6915,187.1303,51.9983,47.9110,20.5100,21.8274,42.1275,82.0912,65.1052,196.7343
2025-01-16,150.9547,219.0404,246.0128,186.7284,50.1262,47.9980,20.5200,22.0808,42.8720,81.7394,65.1832,197.9776
2025-01-17,154.3925,222.3651,250.4620,192.1726,51.6597,49.0032,20.5300,22.1491,43.2265,82.1615,66.8990,200.4643
2025-01-20,156.9276,221.6806,252.0096,193.0816,49.8873,49.2738,20.8100,22.6560,42.6947,83.5511,67.4255,200.7513
2025-01-21,156.8124,222.5607,254.2342,195.3300,51.5402,49.9117,20.7100,22.4123,42.6947,82.9003,66.7820,202.9510
2025-01-22,158.5793,227.9389,260.9564,198.2004,54.9059,51.7674,19.8450,21.9541,44.0154,82.5309,69.0633,202.2815
2025-01-23,160.0389,232.6326,262.7941,199.9705,58.5503,51.7868,19.5350,22.3928,43.0670,83.9029,69.9798,220.0708
2025-01-24,160.4038,231.2637,261.7785,199.4443,60.1037,52.1927,19.2700,23.1142,43.5456,84.9935,70.1943,221.8880
2025-01-27,159.2515,229.8947,236.9693,192.6988,48.1148,49.1385,19.1850,23.1532,43.4747,86.1720,64.0522,218.6362
2025-01-28,160.1733,232.8282,219.2691,191.4072,51.7394,48.3266,19.1050,23.1337,43.7406,86.0313,62.0244,220.6447
2025-01-29,160.0005,232.4371,229.6668,194.5646,54.2885,49.3704,19.1900,23.1922,43.9977,85.7674,63.7988,221.3141
2025-01-30,159.7124,233.1216,233.1004,196.2868,56.4792,48.4619,19.2500,23.6601,44.1040,86.0313,64.7932,221.2185
2025-01-31,160.4806,234.5884,237.3078,198.4875,57.5944,48.2783,19.1150,23.5626,44.0065,86.7524,65.6511,219.9752
2025-02-03,159.9621,234.3928,229.9569,193.3686,55.2444,47.3890,19.0600,23.1630,43.7672,83.1993,64.3057,215.3844
2025-02-04,159.4243,234.6862,230.9725,193.1294,53.8902,47.6983,19.1050,23.6114,43.4659,83.2521,62.4729,216.7234
2025-02-05,160.2694,235.9574,224.7823,192.5553,55.2643,47.3890,19.2050,23.7479,42.3402,82.1263,61.2055,213.8541
2025-02-06,161.2296,235.6640,231.6496,199.0615,56.6385,47.9400,19.8500,26.9162,43.1468,84.3427,61.9659,220.5490
2025-02-07,160.2886,238.2065,229.3282,198.4875,56.8575,48.0173,20.2600,26.6725,43.5722,82.4254,61.7904,218.2536
2025-02-10,160.7879,240.3577,234.3094,202.0276,57.1363,48.4039,20.3800,26.5165,43.7140,82.9531,62.6874,219.0188
2025-02-11,160.5766,239.5755,236.1471,205.6156,57.0567,48.9065,21.1000,26.0096,43.3063,82.0912,64.7347,219.0188
2025-02-12,163.1310,240.9445,230.9241,202.8887,59.8846,48.8292,20.5400,26.1753,44.2813,82.4430,64.0912,222.4618
2025-02-13,163.2270,240.3577,236.7758,217.6234,62.0753,49.5831,20.3700,27.0039,45.9831,87.7551,65.7096,229.4436
2025-02-14,161.8250,240.5533,238.4685,220.5120,61.2787,49.5057,20.2800,26.5360,46.5326,88.1244,65.2027,228.7742
2025-02-17,163.7263,246.5182,237.8881,222.2745,63.3299,50.1243,20.5900,27.1697,46.4085,88.3003,67.2500,228.1047
2025-02-18,166.1270,245.7360,242.5308,221.4912,63.4096,51.1295,20.6700,27.0137,46.4971,88.2124,67.5230,230.3044
2025-02-19,162.2091,246.4205,239.0972,215.7630,60.4024,50.2790,20.3100,26.5360,45.3803,85.7146,66.9770,223.7052
2025-02-20,158.5217,242.4112,246.2546,216.6442,59.6058,50.6076,20.3200,26.1461,43.5456,85.5915,66.2166,226.7657
2025-02-21,153.6435,238.7932,248.9628,216.8401,57.7139,50.5109,20.0900,26.3703,43.2177,86.9811,66.9770,226.0006
2025-02-24,157.8111,237.5219,231.7463,213.5598,55.3838,48.1429,19.8150,26.1558,43.3772,89.2238,63.9548,223.8965
2025-02-25,157.5806,239.5755,223.4765,212.0910,51.3211,47.3310,20.0700,25.8731,43.0936,92.3020,61.9659,223.4183
2025-02-26,160.8647,243.1935,230.6823,218.7984,55.7025,47.8433,20.9100,27.2672,43.9977,93.1815,63.4088,226.8613
2025-02-27,158.5793,242.9980,227.5872,216.0078,55.0453,47.3214,20.7000,26.7602,44.0065,91.7303,55.6874,223.5139
2025-02-28,159.1170,244.5625,226.2815,216.5953,54.7067,46.6931,21.0800,26.7505,44.1749,91.5544,55.6094,222.5575
2025-03-03,167.4522,252.1898,222.1224,221.2464,55.2245,47.1087,21.1000,28.0763,44.7954,93.6652,54.7710,223.0357
2025-03-04,162.0363,249.3540,211.6281,208.8597,50.8830,45.3207,20.1200,26.6237,42.7302,89.7955,51.9827,211.3674
2025-03-05,165.9158,254.9279,218.7371,226.7298,55.0253,47.0314,23.1600,29.4119,43.5988,92.8297,54.5565,221.1229
2025-03-06,166.1846,252.9721,216.4158,237.9415,58.2317,47.2827,26.0200,31.3616,43.3063,96.4795,54.6150,224.7572
2025-03-07,162.8237,245.2470,216.5609,229.4226,55.4237,47.5823,24.2600,29.7141,42.1984,95.1163,52.8797,223.5139
2025-03-10,156.6395,233.1216,211.9182,223.6454,50.3453,46.5868,23.1800,28.3005,41.8350,96.8753,51.3783,221.6967
2025-03-11,156.5243,233.3172,215.4486,218.5536,52.8546,47.2151,22.9000,27.9886,42.3048,95.8199,51.8658,217.1059
2025-03-12,157.5806,244.9537,220.3331,222.1276,57.5944,47.7177,23.1300,27.6084,42.8632,96.6994,54.8880,219.6882
2025-03-13,155.7753,239.6732,217.7216,221.7849,57.6940,46.5675,23.3500,27.8716,42.4111,94.7206,54.0301,218.3493
2025-03-14,162.4780,245.1492,220.5265,226.9256,59.0084,47.2634,23.8800,28.8659,42.8366,94.6766,55.4145,223.3226
2025-03-17,164.4369,247.2027,223.2831,229.4226,60.6016,47.6790,24.2700,28.6515,42.7391,95.2483,55.9604,224.2790
2025-03-18,164.9555,247.2027,227.1036,232.0663,60.5817,47.9206,25.4500,29.1097,43.3506,96.1717,57.9883,223.8965
2025-03-19,164.4946,252.2876,233.6324,231.7726,62.6927,49.2738,25.1300,29.6069,43.5634,94.3248,58.1442,222.3662
2025-03-20,160.7111,246.9094,229.2315,229.5694,61.0795,49.1191,23.7700,28.7587,42.7213,90.4111,56.5454,222.6531
2025-03-21,160.0197,244.8559,224.1536,224.0860,61.5575,48.3169,23.5200,28.3883,41.7907,89.2238,56.3114,218.1580
2025-03-24,160.5766,245.4426,224.3954,220.6589,60.3228,48.3266,22.1100,28.7587,43.6254,89.1798,56.0579,219.4970
2025-03-25,165.4740,248.2784,226.3298,224.1350,59.3867,47.9496,21.9700,28.7392,44.2458,90.0593,55.3365,222.0793
2025-03-26,163.7647,245.2470,220.9134,219.8266,60.4223,47.1087,21.2500,28.1933,43.4304,88.6521,51.9048,217.4885
2025-03-27,161.9978,242.9002,217.9150,216.9380,57.4351,46.6448,21.5900,27.0429,43.6697,87.3329,52.7042,214.0454
2025-03-28,159.6548,240.2599,210.0322,211.5035,55.0652,45.3883,20.8500,26.1461,42.1009,85.2749,51.5733,208.6895
2025-03-31,156.3130,236.6419,203.8419,207.4888,53.6114,44.5606,20.3800,25.8049,41.2589,82.2847,49.0970,200.8469
2025-04-01,161.3833,239.6732,208.8231,210.2795,55.6029,45.1912,19.9950,26.2728,41.7109,83.1641,49.4285,201.5164
2025-04-02,156.2746,238.9887,207.9526,210.2795,56.1804,45.0631,19.9450,25.9608,42.0389,82.8123,49.3700,198.8384
2025-04-03,151.7422,228.0367,196.3460,193.3690,53.0338,42.2547,19.7550,24.2256,40.3637,79.1537,46.2697,185.8790
2025-04-04,141.0639,213.4666,183.2885,181.7559,49.2898,40.4514,18.3300,22.1783,39.2203,76.9550,42.1263,177.3669
2025-04-07,131.3652,196.8430,180.4449,172.9237,48.3538,38.8353,17.1850,21.5349,37.6161,75.1784,40.0887,168.3288
2025-04-08,134.6685,206.7194,186.0354,178.9359,51.0025,40.4514,17.8850,22.0516,37.2349,75.5654,40.7712,170.1938
2025-04-09,128.1771,196.0607,181.2767,173.4720,50.4847,38.5692,17.3650,21.3497,36.8715,73.7361,39.6305,166.1769
2025-04-10,133.9195,207.3061,190.2718,183.0484,52.7550,40.5795,18.2100,22.2271,37.6604,74.9498,42.6040,176.8887
2025-04-11,129.5022,200.1677,190.5426,176.9188,53.5118,39.6828,18.4900,22.4708,37.8820,75.0729,42.1848,174.7368
2025-04-14,133.7274,206.1327,195.8624,181.8343,56.6186,40.7667,19.3300,23.1142,38.7771,76.8318,43.6277,178.9450
2025-04-15,135.3407,210.7286,201.8591,181.4426,58.0325,41.1609,19.8700,23.2604,39.4951,78.5380,44.5831,181.0491
2025-04-16,134.9182,209.7507,199.1026,182.2651,57.4749,40.9934,19.8050,23.4164,38.8746,78.1335,43.5887,181.6230
2025-04-17,131.0387,207.5017,198.5706,183.1268,63.5291,41.5846,19.3900,23.2214,38.9012,78.7491,43.7837,178.1799
2025-04-22,130.6459,209.6530,193.0574,185.3789,63.5490,40.6977,19.7300,23.5724,39.4862,81.2645,42.3345,183.4880
2025-04-23,136.3211,214.5423,202.1009,192.4094,65.0028,41.5550,20.1000,24.8300,39.8408,83.5863,44.6274,189.0830
2025-04-24,134.7697,216.0090,206.0182,196.4730,66.2774,41.6930,20.3500,24.9080,41.5868,84.8703,46.1858,191.0915
2025-04-25,138.0491,225.0054,210.7092,202.4950,67.6316,42.6193,20.7300,25.3077,41.4716,85.9785,47.7144,194.5346
2025-04-28,141.7017,226.1788,209.9838,200.7815,67.9502,42.7573,20.7500,25.6586,41.2234,86.5590,47.6945,195.0128
2025-04-29,141.3678,225.2987,196.5878,198.0397,69.4638,41.9197,20.7300,25.6976,41.9325,86.0313,47.1287,193.5781
2025-04-30,144.4705,227.8411,197.5066,197.7460,67.2532,42.5602,21.2200,25.2687,41.3298,83.9381,47.5853,196.9743
2025-05-02,152.1486,237.9131,208.7264,205.4326,72.2917,44.5310,21.3100,26.3995,41.9945,84.8879,50.5830,201.2071
2025-05-05,155.4084,238.0109,205.5829,206.8524,73.0286,44.7281,21.5300,26.2338,42.0655,85.0111,50.2256,199.8289
2025-05-06,153.7981,238.4020,205.4862,204.6003,72.6104,44.0383,21.6800,25.9218,42.6947,84.4482,50.2852,197.8602
2025-05-07,151.7755,237.3264,204.4706,204.7961,70.6786,43.6737,21.3500,25.8243,42.1275,84.0964,50.1661,199.4352
2025-05-08,155.5066,244.6603,208.3879,208.7618,73.0286,44.3930,21.9500,25.8926,43.3542,87.1570,53.0843,201.7977
2025-05-09,155.5655,242.7046,207.7592,209.5941,74.4426,44.4128,22.1100,25.9998,44.2929,87.7902,52.3697,202.8805
2025-05-12,155.7029,244.7581,213.8043,217.1338,75.2989,45.9500,22.4100,27.2379,44.5066,88.9600,53.7593,214.3978
2025-05-13,158.1772,246.0293,216.6104,220.4630,74.7214,46.4723,22.6800,27.4621,45.6311,92.3020,55.5261,214.3978
2025-05-14,156.6062,246.4205,216.7581,219.3859,73.5464,46.6004,18.7600,27.3549,45.3523,90.7189,55.8835,212.4290
2025-05-15,156.3313,248.9629,217.2504,217.2317,75.6972,46.9256,19.5200,27.2712,45.3245,91.2906,54.8115,214.2009
2025-05-16,157.3328,250.4297,215.7735,215.3713,75.1396,46.9059,19.2050,26.9365,45.5940,90.4551,54.2358,212.5274
2025-05-19,158.9627,253.3633,215.2812,217.1828,77.8082,46.8369,18.7500,27.1235,45.3338,91.4019,54.7916,212.1337
2025-05-20,158.9038,255.4168,218.1365,217.6234,78.4056,47.1424,19.0050,27.1925,45.8356,92.0206,55.6254,211.2478
2025-05-21,159.1591,253.8522,216.2658,216.3994,78.8239,46.8960,18.9700,27.2811,46.0401,91.5706,54.8115,208.1962
2025-05-22,158.3343,254.8300,217.6935,212.5806,81.3332,46.6398,18.7050,26.2473,44.7483,90.3707,54.0571,203.9633
2025-05-23,154.4462,249.1585,213.8043,207.8805,81.3531,46.0781,18.4750,26.0406,44.2000,87.6521,53.8983,201.3055
2025-05-26,157.3132,254.2433,217.6935,214.0983,82.8865,46.6299,19.1300,27.1334,44.6832,89.8270,54.8710,205.2430
2025-05-27,159.2573,256.3200,219.5150,216.3994,85.0374,47.1424,19.6850,27.0743,43.7446,89.4707,57.3724,205.8337
2025-05-28,159.3947,256.6167,218.6288,212.9723,85.3560,46.6102,19.6450,26.7593,42.7780,90.5019,57.8885,207.5071
2025-05-29,159.6107,256.7155,218.9734,208.1743,84.3603,46.6102,20.3400,26.4442,42.6851,89.8270,56.9952,207.5071
2025-05-30,159.1395,258.4955,217.9396,207.3909,85.1369,45.8613,19.9050,26.3064,42.1740,89.3958,56.1813,206.1290
2025-06-02,159.6304,258.8911,216.3150,209.2024,86.7899,45.4474,19.4600,26.2670,40.6127,87.6521,56.1813,204.4555
2025-06-03,163.4203,262.0555,218.2842,209.5941,88.5424,45.9993,19.4350,26.0209,41.1796,88.2146,57.1540,204.9477
2025-06-04,167.0925,262.5500,221.5826,213.5108,88.1441,46.5314,19.5400,26.3261,40.6405,87.5583,58.4047,209.6727
2025-06-05,162.4974,261.5611,222.6164,214.6859,88.0645,46.5511,19.0550,26.4245,40.1015,87.4083,57.8488,210.4603
2025-06-06,162.3403,262.7478,224.1425,214.2452,88.3034,46.5807,18.9000,26.1981,39.9621,85.9084,58.1466,210.4603
2025-06-09,162.4974,262.7478,221.8288,214.7348,85.7742,46.5807,18.6700,26.2178,40.3803,85.8334,57.6503,211.0509
2025-06-10,160.9461,257.4077,224.4379,214.4900,82.6675,46.9945,18.8850,26.2473,41.3283,86.8271,57.7694,211.8384
2025-06-11,160.6515,257.0122,219.8103,215.1265,85.1967,46.6102,19.0450,26.4836,41.1145,85.9272,57.9282,210.9524
2025-06-12,159.8464,255.2322,217.5950,212.8254,85.3361,46.9945,19.1300,26.0603,40.6591,85.1959,56.8562,208.5899
2025-06-13,158.6485,250.3867,217.0535,210.4754,84.4598,46.9256,18.8500,25.6763,39.9993,83.2835,55.3872,207.2118
2025-06-16,159.0805,256.2211,218.5304,211.5035,88.3233,48.0194,18.9050,26.3851,36.5235,83.7148,57.2136,210.4603
2025-06-17,157.8238,256.9133,218.4811,209.5451,88.2636,46.9945,18.6350,26.1784,36.2354,82.9273,56.1217,209.6727
2025-06-18,160.0231,259.0889,214.1982,206.6566,87.4471,46.7285,18.6600,26.4541,35.9287,82.2148,55.9232,207.1133
2025-06-19,158.8252,255.0344,211.2936,203.5721,86.1526,46.3146,18.2850,25.4499,35.7986,81.1274,55.2879,206.2274
2025-06-20,164.4611,257.3089,210.7521,204.9430,87.0488,46.3048,18.4300,25.7747,35.8823,81.8399,55.8636,206.2274
2025-06-23,163.9702,256.1222,209.5706,204.4534,86.9492,45.4474,18.4000,25.7452,35.6964,81.5961,55.1490,205.4399
2025-06-24,167.5049,260.1767,215.0843,210.0347,90.7331,45.6347,19.8100,26.2473,36.5700,84.5022,57.3327,208.2946
2025-06-25,168.4278,260.7700,212.1797,209.1535,92.0076,45.1912,19.7200,26.1489,36.4956,83.6773,56.8562,209.3774
2025-06-26,172.9051,264.3300,212.7213,210.3775,92.5055,45.1617,19.5600,26.5919,36.2633,82.4211,57.4121,211.1493
2025-06-27,174.9670,269.1756,226.4563,218.1130,95.0945,47.0931,19.9400,26.5230,37.2577,85.6272,60.6480,215.9728
2025-06-30,174.0440,272.8344,222.3211,213.1192,97.6436,46.6201,19.8000,26.4541,36.3655,84.0148,59.5958,213.5118
2025-07-01,169.1937,261.9567,218.9242,211.1608,91.9877,46.0091,19.3250,25.9520,37.3320,83.6773,58.9804,213.0196
2025-07-02,172.0018,263.3411,220.2042,214.9306,91.2310,46.3737,19.6350,27.4780,38.3172,85.2522,59.6951,219.5165
2025-07-03,173.5531,267.0000,221.9272,216.6932,92.1470,46.7778,19.0900,27.4090,37.8618,85.4022,59.5363,219.7134
2025-07-04,172.1982,266.8022,218.4811,211.5035,92.1670,46.0978,19.1400,26.8577,37.6759,84.3897,58.9010,218.4337
2025-07-07,174.0637,271.6478,220.4996,213.8046,94.5369,46.4033,19.4250,27.2909,37.6109,84.4835,58.9407,218.3353
2025-07-08,175.6739,271.9444,220.5980,212.5316,91.1314,46.3836,19.7450,27.6650,37.6666,85.5522,59.1392,220.3040
2025-07-09,179.0515,276.4933,224.1918,220.8057,92.0076,46.5610,20.1800,28.1474,38.2707,86.8834,60.6678,223.0603
2025-07-10,179.9745,272.9333,221.9764,222.0787,89.5979,47.2212,20.3100,29.1615,38.9026,88.1771,60.8663,229.4588
2025-07-11,179.8959,276.3944,221.7303,218.4068,91.2907,46.8467,20.0100,28.9941,38.2893,88.1021,60.6480,226.1119
2025-07-14,179.6799,278.0756,220.2042,215.7140,91.6492,46.8467,19.6550,28.6495,37.9547,86.4334,60.3899,224.2415
2025-07-15,176.8718,276.7900,222.3703,213.7556,92.8242,47.4774,19.9650,28.3739,38.3357,87.6896,61.5413,225.5212
2025-07-16,177.7162,276.8889,219.1211,212.6296,90.8725,46.7186,19.6350,27.5666,31.2541,84.4835,60.3899,230.9353
2025-07-17,181.9185,280.6466,236.0561,221.2953,95.1343,51.3402,20.0300,27.7930,31.0403,84.9335,63.7052,235.4635
2025-07-18,182.8415,282.1300,233.4962,219.5328,93.6208,51.4782,20.8200,27.5469,31.2448,84.6710,64.1419,233.4947
2025-07-21,182.6451,279.9544,232.1178,219.8755,93.3220,51.8132,21.0000,28.7480,31.2076,85.1397,63.8441,235.2666
2025-07-22,178.0304,272.4389,228.2286,215.7630,90.6534,50.7687,20.9800,28.6003,30.7244,84.3522,62.4744,232.9041
2025-07-23,180.0530,275.5045,232.5116,222.9599,96.4089,51.9512,22.2300,28.6791,31.5515,89.5457,63.9434,237.4322
2025-07-24,179.2872,275.9989,235.2192,222.5193,96.7474,52.6016,22.0700,28.4329,31.3656,89.9770,66.0080,238.7119
2025-07-25,176.9307,274.4167,232.6100,222.5683,96.4487,52.3848,22.0000,28.1868,31.9883,94.0736,65.1941,240.6807
2025-07-28,174.4171,272.7355,232.4624,220.9526,94.6165,52.1286,21.2800,28.2656,31.5608,90.7082,65.5117,237.9244
2025-07-29,176.1845,278.5700,234.5792,222.3235,97.4843,52.2271,20.9100,27.9112,31.8024,89.5457,66.3256,244.0276
2025-07-30,175.6150,277.6800,235.5146,224.1839,101.5669,52.7001,20.7600,27.8127,30.8545,87.7458,67.9932,238.1213
2025-07-31,172.8462,286.2833,224.7333,220.2182,101.5669,52.7395,20.6400,27.0940,30.3991,86.3584,69.8593,235.4635
2025-08-01,166.0321,277.1855,210.6044,208.5170,97.5042,52.7395,19.8250,26.3458,29.9158,83.5835,68.4895,229.6556
2025-08-04,169.1937,284.5033,215.9212,212.2868,98.6593,52.3257,19.8900,26.0701,29.1816,83.1335,69.8395,228.7697
2025-08-05,172.0214,284.3055,211.4905,214.2452,97.2254,52.2468,20.1100,26.2276,29.0236,84.6522,69.5814,231.6244
2025-08-06,174.6724,286.8767,211.5398,214.4411,98.2411,51.7147,20.0600,26.3655,28.9400,85.3647,70.1571,229.8525
2025-08-07,174.1815,287.9644,216.9058,222.3724,95.8911,52.5030,20.9600,27.5075,29.5069,87.4271,73.4525,235.0697
2025-08-08,173.0229,287.9644,218.5796,227.5621,95.5924,52.9957,21.1800,28.3739,30.1389,89.4145,73.3731,236.9400
2025-08-11,172.6105,284.0089,215.2812,223.3027,99.0974,52.4833,21.0400,27.9899,30.0831,90.7082,72.7974,231.3291
2025-08-12,177.5787,287.3711,218.7765,226.2892,103.2597,53.3308,21.1800,28.1967,30.1667,91.7394,74.4054,233.5932
2025-08-13,176.3023,286.1844,214.6412,225.4569,98.0618,53.0746,21.5000,28.1474,30.4455,92.4894,73.3731,233.8885
2025-08-14,180.4457,290.3378,218.5796,228.3944,97.4046,53.3111,21.4800,28.5314,30.3247,92.6768,74.0679,234.3807
2025-08-15,183.4895,288.5578,217.2012,229.3736,94.4373,53.0746,21.7800,28.6495,30.7708,93.2018,74.0679,235.8572
2025-08-18,180.8778,289.7444,215.1335,228.6882,96.4089,52.9563,21.1500,28.7086,30.3433,92.6956,74.9216,233.0025
2025-08-19,180.5047,288.8544,219.8103,233.2903,94.0788,53.4884,21.7500,29.4273,31.3098,94.5893,75.7554,238.4166
2025-08-20,175.8899,285.9867,212.2290,228.6392,91.3704,52.8184,21.3800,28.8071,31.1983,94.8705,72.5195,237.2354
2025-08-21,177.6376,289.2500,211.6875,228.7861,92.6051,52.6410,21.4100,28.0884,30.7522,94.7299,73.0356,235.2666
2025-08-22,177.4413,287.2722,212.0813,231.9684,92.5055,53.3899,21.8900,28.7086,31.1890,95.9954,74.9414,239.6963
2025-08-25,177.2645,286.6789,209.9644,230.5976,91.2907,53.0943,21.4200,28.7775,30.9567,95.2923,74.0084,238.0229
2025-08-26,176.6165,284.8000,207.5522,230.0101,93.4216,53.2914,20.8300,28.4231,30.7708,95.1049,74.7429,237.3338
2025-08-27,175.0259,284.0089,208.1921,228.1496,90.8924,53.0154,20.4700,27.9308,30.3805,94.0736,73.7503,236.5463
2025-08-28,175.3794,284.6022,210.4075,231.9195,92.0276,53.5870,20.4900,28.0982,31.4864,93.9799,75.9142,237.6291
2025-08-29,175.8114,281.7344,206.8137,231.6747,90.3348,52.8972,20.5400,28.0194,31.2262,93.3518,74.1672,235.3650
2025-09-01,178.6980,282.4267,207.0106,234.2206,89.2394,52.9563,20.4200,28.0588,31.6351,93.7268,74.8620,235.2666
2025-09-02,175.9096,276.3944,207.8475,223.9391,84.0416,51.9906,19.5050,27.0743,30.8916,92.3394,73.3136,231.3291
2025-09-03,181.3490,278.4711,213.9028,224.6735,85.5751,52.7592,19.4650,27.4583,30.2597,92.8456,74.9017,234.3807
2025-09-04,183.4699,277.7789,213.9028,225.2610,88.7416,54.2571,19.9500,27.9112,30.5850,92.9018,75.4377,235.8572
2025-09-05,180.5047,275.1089,214.9366,221.2953,87.2081,54.2768,20.0300,28.4133,30.6779,93.6705,75.9142,238.0229
2025-09-08,184.4125,276.2955,222.6656,225.8485,89.1200,55.1242,20.3100,28.6692,30.6500,96.1829,76.9068,243.7323
2025-09-09,184.1375,276.8889,220.0073,223.7433,90.5937,54.8877,19.7200,28.4625,31.7373,96.1361,77.8001,243.6338
2025-09-10,185.1390,277.7789,225.4225,223.6454,94.7360,55.7943,21.0600,29.0827,31.6816,95.0580,79.2096,244.2244
2025-09-11,190.4803,282.0311,226.1117,224.2818,93.6606,55.8929,20.9800,29.2403,32.1091,96.3704,78.6538,245.1104
2025-09-12,189.7145,282.4267,228.4255,223.7923,92.7644,55.9717,20.9400,29.1320,31.9418,95.6205,80.0037,246.0948
2025-09-15,192.7386,285.2944,230.1486,225.4079,95.3335,55.8929,21.4100,29.1221,32.3042,95.0580,80.0236,251.3120
2025-09-16,189.4199,280.6466,225.3733,221.3443,93.6407,54.9666,21.0100,28.9449,32.4994,93.6518,79.6265,248.5557
2025-09-17,188.2220,276.6911,223.4533,220.5609,91.6093,54.4147,21.2800,28.6988,32.6667,92.8456,78.7133,248.1620
2025-09-18,188.2220,281.6355,229.0655,223.2537,94.7758,55.0454,21.2500,29.1615,32.7689,91.3644,80.6787,253.2807
2025-09-19,190.3429,288.3600,227.5394,223.6454,94.8356,55.2425,20.9400,29.5455,32.8712,91.1957,80.7779,253.7729
2025-09-22,191.5996,291.1289,226.4563,222.3235,96.5084,55.8140,21.4500,29.6439,32.3600,84.7272,81.7110,253.3792
2025-09-23,190.7356,288.3600,226.9979,224.2329,96.0504,56.2673,21.5500,30.1165,32.3414,87.3896,83.0212,258.3011
2025-09-24,190.3036,289.3489,228.8194,221.6381,98.2411,55.8337,21.3400,30.0771,31.9511,87.2959,82.5051,255.8401
2025-09-25,190.3429,288.9533,227.4902,219.1411,96.7474,55.4002,21.3800,30.1657,32.4808,86.4521,80.7779,254.0682
2025-09-26,192.1691,292.7111,231.6255,223.9881,98.3008,55.8929,21.9400,30.9435,32.2950,84.9522,80.8970,256.8245
2025-09-29,192.2280,292.5133,230.6409,221.4912,98.6792,56.1688,21.9400,30.8155,32.2950,86.0209,82.6639,256.2339
2025-09-30,193.8186,296.7656,233.9393,224.4287,98.9978,56.4841,22.1200,30.1066,32.3414,86.2084,83.5572,257.7104
2025-10-01,195.4682,295.0844,241.0775,226.6319,103.7077,56.6615,22.4100,31.7016,32.5273,87.1084,83.6168,257.4151
2025-10-02,198.3843,300.2267,246.6405,236.1789,107.9895,57.4892,22.5300,31.8000,33.2336,87.5583,87.3490,261.4511
2025-10-03,199.8571,299.7322,245.8528,236.1789,105.5997,57.7849,22.3900,32.5384,33.2522,87.4458,86.3564,265.3886
2025-10-06,197.4515,294.7878,246.1482,238.1862,106.2967,58.0017,22.3500,32.9322,32.7132,87.0521,87.8055,265.4870
2025-10-07,198.7770,295.3811,242.1114,237.2560,104.4546,57.6075,22.4800,32.6172,33.6053,87.2209,86.8130,262.8292
2025-10-08,201.5753,300.4244,244.9667,240.1446,107.9397,58.0805,22.7000,34.7536,32.9920,85.6084,90.5054,267.1605
2025-10-09,200.9371,299.6333,245.1636,241.3196,109.2840,58.0017,22.6000,33.7887,32.6667,85.3084,89.1555,264.6995
2025-10-10,198.3352,293.9966,241.4714,237.2560,105.5499,57.4498,22.3000,31.8197,31.9046,83.5835,87.2695,262.4355
2025-10-13,198.6788,294.7878,243.0960,240.9769,108.0393,57.8637,22.1800,32.8042,31.9418,83.4710,87.9644,263.3214
2025-10-14,199.6116,296.1722,241.3729,233.3882,105.6993,57.7060,22.3200,32.3021,31.2541,84.4460,87.2298,263.7151
2025-10-15,199.3170,293.4034,243.2437,235.6404,105.4503,58.6915,22.2000,32.4695,31.0868,84.5585,87.9644,266.9636
2025-10-16,201.7226,299.4355,248.4620,239.1654,104.8529,58.3170,22.3200,32.5286,31.5979,84.3147,89.8305,268.9324
2025-10-17,196.7642,293.6011,242.3083,232.9476,100.4715,57.5484,21.8300,32.3120,31.9604,85.4959,86.8130,266.0776
2025-10-20,200.0043,299.7322,244.4252,238.1373,101.5171,58.1199,21.7700,32.8338,32.4715,85.8897,88.2224,275.1339
2025-10-21,203.5881,304.6767,245.9021,236.8643,99.0576,57.6469,21.6100,32.3316,32.8433,85.5897,87.9445,277.2011
2025-10-22,202.0663,300.7211,242.7514,236.9623,95.3932,56.8192,21.6300,32.9814,32.7875,83.7148,85.4829,276.0199
2025-10-23,203.4899,304.3800,245.2621,234.6612,98.4601,57.7060,21.7800,32.8141,31.7745,83.7710,87.9644,280.2527
2025-10-24,204.6682,301.1167,249.7420,238.5290,103.3592,58.3367,21.9500,33.1980,31.9418,84.8585,89.2945,283.0090
2025-10-27,204.8154,300.2267,254.7634,241.6623,102.5626,58.6126,21.8600,33.4638,31.2355,85.6459,89.8305,283.0090
2025-10-28,203.9809,301.9077,252.1050,241.1238,103.5086,58.7703,22.1200,33.6312,31.7838,85.7209,90.8231,285.3715
2025-10-29,204.6191,300.2267,253.4342,240.6342,106.3963,58.7309,22.1500,33.0897,31.4678,86.2459,91.0216,284.3871
2025-10-30,208.8411,302.0067,245.1636,241.8582,105.6495,59.0856,21.7800,32.8928,30.7522,84.5960,87.3688,283.6981
2025-10-31,209.5284,304.4789,242.3083,240.4384,106.8444,58.7900,21.6500,32.6467,31.3191,84.5772,89.1555,283.9933
2025-11-03,210.2647,306.8522,240.5853,242.0540,109.5329,58.5338,21.2500,32.5089,32.0162,86.5271,88.3614,280.9418
2025-11-04,208.9883,306.2589,235.5638,239.1165,109.0350,57.2922,21.2900,31.8985,31.2820,85.4772,86.3564,276.4136
2025-11-05,208.4974,303.4900,238.5176,239.8998,106.7946,57.0162,21.6000,31.9871,32.0162,87.5583,86.8725,283.3043
2025-11-06,204.8645,299.4355,231.5270,236.5706,104.1558,55.7549,21.0400,32.7648,31.7002,87.0146,84.9866,282.7137
2025-11-07,204.2754,297.7545,227.2933,232.3601,101.3677,55.3016,20.8900,33.2276,31.6351,88.3270,81.2941,281.3355
2025-11-10,207.2701,305.5667,229.8532,240.5852,106.0478,55.9914,21.4800,33.4442,32.1741,89.7145,82.9418,285.3715
2025-11-11,207.1719,305.4678,231.4778,242.2498,107.0435,56.2476,22.2000,33.8872,33.2429,91.5331,83.6763,287.5371
2025-11-12,208.1538,306.7533,235.4161,245.1874,106.8942,56.5827,22.8500,34.6861,33.9027,92.4331,84.6292,288.7184
2025-11-13,206.4355,303.4900,231.0347,222.2745,100.6209,55.3410,22.7500,34.4678,34.2373,92.7893,83.8550,284.2887
2025-11-14,202.7535,301.0178,232.0193,225.5548,110.0308,55.5972,23.6900,34.0807,33.6890,91.5519,83.4778,283.6981
2025-11-17,203.5390,302.5011,228.4255,218.3578,113.7649,55.5775,22.9000,33.9616,33.0570,90.3332,83.2396,280.3511
2025-11-18,200.4462,295.8755,223.0595,213.6087,106.4959,53.3111,22.3600,33.6540,31.7931,88.7770,80.4404,272.7715
2025-11-19,199.5625,295.4800,223.6995,214.0494,108.4874,53.6658,22.6100,34.6067,31.9697,88.8520,84.3910,274.1496
2025-11-20,200.6916,296.9633,224.8810,216.4973,111.6240,54.8286,22.7100,34.7060,31.3377,87.8958,83.6565,274.7402
2025-11-21,199.0716,286.1844,218.8750,214.5879,100.3720,53.8235,22.4800,33.7929,31.8953,88.7958,80.2022,272.7715
2025-11-24,196.4206,279.3611,219.3673,218.3578,105.9980,54.9469,22.6500,34.8747,31.8303,89.5832,82.3859,276.6105
2025-11-25,198.0897,283.1189,220.3026,222.2745,106.3963,54.9469,23.0300,36.1351,32.2485,91.1207,82.1676,279.2683
2025-11-26,201.1335,285.8878,223.7979,223.3516,111.7236,55.9520,22.7600,36.7802,31.9232,90.9894,84.5895,281.7293
2025-11-27,200.4462,285.7889,224.6841,222.8131,113.9142,56.2870,22.6900,36.3733,32.3135,91.1019,84.8079,280.1543
2025-11-28,200.7407,287.0744,227.4409,223.5475,114.8104,56.8783,22.5400,36.8993,32.0347,92.2269,85.6615,280.6465
2025-12-01,189.0861,282.9211,226.4071,221.4912,112.0721,56.3856,22.5200,37.1573,32.3507,93.3143,84.1925,282.0246
2025-12-02,187.0438,286.9756,226.7025,222.5683,115.5572,56.6024,22.2200,37.0382,32.1927,94.8705,84.1329,283.8949
2025-12-03,194.5256,293.4034,225.9641,223.9881,113.5657,56.1885,21.4900,36.3237,32.3414,96.4173,81.9889,285.9621
2025-12-04,193.4455,290.7333,233.8900,225.4079,116.6028,57.4695,21.9200,36.4428,34.3953,98.8547,83.8748,286.8481
2025-12-05,193.1313,289.6455,231.8716,228.5902,116.5530,57.8243,23.0100,36.3237,34.5719,100.2140,84.3513,286.4543
2025-12-08,194.4863,291.7222,233.9393,229.4715,116.9015,58.4155,23.4800,36.5817,34.1630,99.6984,85.3240,288.4231
2025-12-09,191.8942,291.5244,230.6409,229.1778,117.9470,57.8243,23.9300,37.1573,33.9492,100.1671,83.6962,287.1434
2025-12-10,190.4607,290.7333,229.9024,226.7788,123.0752,57.9820,23.5500,37.7528,33.4659,100.1202,85.7012,286.5527
2025-12-11,189.7734,288.0633,235.4654,233.8778,122.9756,57.7652,24.1300,38.1398,33.6890,100.4483,83.2991,288.6200
2025-12-12,190.5000,288.0633,231.7731,232.1153,117.7479,57.4104,24.2900,38.4078,34.5068,101.8077,82.0286,286.5527
2025-12-15,192.5619,289.7444,238.9607,234.1716,119.2913,58.0805,24.6900,38.9536,34.7577,100.6827,83.5175,288.0293
2025-12-16,189.4592,290.4367,235.5638,232.5559,118.8930,57.5484,24.4500,38.4872,34.0979,100.0265,83.1403,286.9465
2025-12-17,186.9456,290.4367,227.4409,227.8069,115.0593,56.4644,24.0800,37.9215,33.8284,98.1985,81.3139,279.8589
2025-12-18,190.5196,298.0511,230.5424,230.8913,119.0921,57.2725,24.9000,38.4177,33.1685,97.9641,83.6962,290.4903
2025-12-19,192.2869,302.8966,232.2162,231.0872,119.6398,57.7652,24.8700,37.8024,33.6983,97.5422,84.5895,291.0809
2025-12-22,192.1691,298.8422,232.9054,231.7236,118.7436,57.9820,24.8600,38.0505,33.5310,97.6360,85.2248,292.5575
2025-12-23,193.1510,297.0622,232.3147,232.8497,120.2373,58.2776,24.8000,37.9711,33.0291,97.2610,85.3042,291.6715
2025-12-24,192.4048,295.9744,231.6255,232.8497,120.2373,58.2776,24.9600,38.1299,33.2057,97.2610,85.3042,291.6715
2025-12-29,192.4440,291.0300,232.6593,232.1153,120.0879,58.1396,24.9900,38.3979,32.7039,96.6048,85.1454,294.7231
2025-12-30,195.3307,294.0956,232.3147,234.1716,119.8887,58.3564,25.0800,38.7254,32.9641,97.0735,85.7409,295.9044
2025-12-31,194.8005,294.0956,231.2808,234.1716,119.8887,58.3564,25.1700,38.7949,32.9176,97.0735,85.7409,295.9044
2026-01-02,200.0043,303.7867,233.3977,236.0810,122.2786,58.3564,25.6900,39.5590,33.7912,99.7921,89.2150,297.0856
2026-01-05,204.2263,309.3244,237.2376,239.5081,127.0084,60.3470,26.8700,39.1621,33.0849,96.8860,90.8628,300.1372
2026-01-06,205.6009,309.2256,236.9422,242.3967,126.7595,59.7754,25.8600,39.3407,32.5087,96.6516,90.1282,300.1372
2026-01-07,209.8720,319.0156,240.6837,250.9156,128.8505,60.2484,26.1900,41.1073,32.2299,95.8079,90.7437,311.7529
2026-01-08,211.2957,316.0489,230.7885,246.5583,122.9258,58.3761,25.8100,39.9560,31.3935,95.4330,86.8328,306.0434
2026-01-09,211.1975,313.7744,231.8224,248.9083,125.3156,59.2827,25.5500,40.0751,31.4121,97.3547,86.6343,310.4731
2026-01-12,212.2285,315.4555,233.1516,252.9719,127.6556,59.7557,25.5100,40.8393,31.0589,96.0892,85.1454,311.4575
2026-01-13,216.2050,322.1800,234.7762,256.3011,129.7965,59.9922,25.5700,40.9782,31.0682,95.7142,85.6417,316.0841
2026-01-14,211.5412,316.6422,227.4409,253.6573,125.6143,59.3221,25.8800,41.5439,30.8638,97.2141,88.5996,318.6435
2026-01-15,210.9521,315.2578,230.5916,255.4199,127.6556,60.8397,26.1200,41.8119,30.4827,96.4173,92.9075,323.3685
2026-01-16,213.4558,317.1367,231.5270,254.8324,135.7212,60.7017,26.0800,41.7722,29.5813,95.0580,95.0912,322.1873
2026-01-19,206.5828,313.8733,226.5548,250.6708,133.5804,59.4010,26.8600,41.7226,28.9493,92.4331,93.1259,315.4935
2026-01-20,204.1772,312.7855,225.4718,248.4187,132.1365,59.0265,26.2700,41.2859,29.5998,91.2707,93.4237,316.2810
2026-01-21,203.6372,312.0933,224.1425,247.8312,132.4352,58.8885,26.3200,43.2510,30.5757,92.6768,93.3840,322.4826
2026-01-22,202.9990,302.6000,226.8994,252.6292,136.9161,58.6323,26.4700,46.0000,30.0459,98.7141,95.9052,325.5342
2026-01-23,203.0481,306.9511,228.2778,249.1041,141.1481,58.8885,26.7800,45.6229,30.0366,98.9015,96.6397,327.8967
2026-01-26,198.7279,304.2811,228.7209,249.2510,140.2519,59.5192,26.3800,45.2656,29.9065,97.6360,96.4809,333.7045
2026-01-27,195.7823,305.8633,231.3301,248.1249,141.5962,60.5637,26.1800,45.9107,29.4140,95.9017,98.7440,340.0045
2026-01-28,191.5211,298.4467,231.7239,245.6770,141.8949,60.3075,27.7000,46.4268,29.6184,96.4173,97.0765,340.9889
2026-01-29,190.4803,295.2822,237.6807,250.6219,142.4924,65.4120,27.1500,45.3946,29.5255,97.0735,98.4859,348.5686
2026-01-30,189.8912,297.6555,238.5668,250.9646,143.9362,65.6879,27.0200,45.6328,29.6277,96.2298,99.7068,346.2061
2026-02-02,190.2840,298.8422,242.8006,254.9303,147.3218,66.6142,26.9000,47.4292,29.6184,96.3235,99.9550,347.8795
2026-02-03,186.7885,300.2267,245.8036,255.2730,154.2422,67.0478,27.8400,48.3323,28.3824,95.8548,102.4365,360.0858
2026-02-04,184.8445,297.3589,243.5883,236.9623,147.7698,66.1806,28.0100,47.1811,29.8508,99.3703,99.9550,365.0078
2026-02-05,186.0816,299.1389,244.5236,239.4102,145.2307,65.4711,28.1200,48.6400,29.6742,95.7142,98.6448,361.0702
2026-02-06,187.8293,304.5778,249.0035,245.2853,151.3546,65.9244,28.4300,50.8134,28.6891,94.4486,102.1883,365.9921
2026-02-09,189.6359,310.9066,252.8927,250.6219,157.2295,67.3434,28.7900,51.3295,28.8378,94.5893,105.3150,373.7687
2026-02-10,188.1435,304.5778,253.3850,252.7271,149.9605,67.6193,28.8100,52.3616,29.4047,98.0110,103.0321,375.4422
2026-02-11,183.8430,301.5122,262.2463,250.9156,162.5568,68.5062,29.7700,54.8229,29.2746,97.0735,102.4365,380.8563
2026-02-12,186.9653,303.8855,261.3109,251.6500,160.7146,68.4865,29.2400,52.2256,29.9158,95.9017,100.9972,375.2453
2026-02-13,188.9290,329.1022,258.8494,251.0500,161.4117,68.9595,28.7000,51.8872,30.4827,96.6516,98.2477,370.9140
2026-02-16,193.6223,334.4422,253.0403,234.9500,162.7061,69.5902,28.9900,52.9620,30.0180,95.9017,98.4462,371.2094
2026-02-17,192.9350,337.1122,250.4312,235.7500,160.3661,68.7821,29.3800,53.4198,30.3154,97.4485,97.9698,367.0750
2026-02-18,197.0097,343.3422,257.1757,244.8000,165.9424,69.5705,29.6000,55.6688,30.8452,97.5891,100.7491,373.8672
2026-02-19,183.7055,338.2989,255.3541,240.5500,163.5028,68.9004,29.5600,54.2159,29.8879,96.1829,97.3544,371.6031
2026-02-20,186.2976,342.5511,257.8648,245.1500,164.5483,69.2551,29.8400,54.5144,30.0645,96.0892,96.7787,373.6703
2026-02-23,179.8174,342.1555,255.7480,240.6500,164.9964,68.7821,29.1200,56.2062,29.7485,93.6518,95.3096,377.1156
2026-02-24,179.5228,336.8156,258.5048,239.5000,165.2951,69.5902,29.3600,55.6688,30.2876,95.2455,97.1360,384.9907
2026-02-25,181.1330,340.3755,260.8679,244.1000,168.6807,70.3588,29.8000,56.6440,30.1946,93.6893,99.2602,391.3891
2026-02-26,183.3521,342.7489,268.6954,248.6500,164.1500,70.0040,28.1500,55.3901,30.1389,95.1986,99.4091,391.7829
2026-02-27,180.8974,336.2222,272.4368,247.4000,166.4500,70.7727,28.2900,55.2110,29.8415,94.8705,101.7417,393.1610
2026-03-02,177.0092,332.3655,263.6247,238.2000,162.3500,69.6099,27.2100,54.2756,28.3359,90.6894,102.5854,386.0735
2026-03-03,172.2374,317.9278,249.6435,226.4500,155.4000,66.2200,26.2400,50.1357,27.2950,87.7271,97.0566,372.7844
2026-03-04,173.9851,323.3667,254.0742,232.9000,162.7500,66.9690,26.1700,52.6435,26.9605,88.5333,101.4439,374.0640
2026-03-05,172.6891,312.7855,248.9051,224.8000,153.1000,65.6091,25.2800,49.0709,26.6445,86.9959,97.8705,368.7484
2026-03-06,172.3160,314.1700,245.5082,224.8000,149.7500,65.4514,24.3300,47.6678,26.4958,84.3522,98.3668,360.5780
2026-03-09,172.2374,311.2033,241.3729,221.1000,148.7500,64.3280,23.4200,45.8168,26.0776,82.3273,96.3022,352.4077
2026-03-10,174.6724,317.4333,251.1204,232.1500,157.7000,67.0281,24.8000,49.2202,26.1798,84.6522,101.0469,374.5562
2026-03-11,173.7102,314.6645,252.1542,228.2000,154.6000,66.6733,24.4700,48.5535,26.8583,85.9834,100.4513,373.1781
2026-03-12,168.9187,304.6767,250.8250,224.7000,152.6500,66.7325,24.0900,46.5034,27.0627,86.6021,100.7987,374.2609
2026-03-13,165.3251,301.0178,244.1790,220.3500,143.9500,65.4711,23.3000,44.5131,26.4586,83.9023,97.6919,350.6358
2026-03-16,166.8765,303.2922,245.0159,220.3000,146.8500,65.4711,23.2500,44.6525,26.2170,82.5711,97.2948,350.6358
2026-03-17,167.2299,301.5122,246.9851,219.1500,149.8500,65.6091,23.4100,44.9709,26.3936,83.0960,97.3544,346.9936
2026-03-18,167.2103,303.1933,249.4466,218.1000,152.1000,66.5157,24.3900,45.3690,26.0497,82.8898,99.3098,352.8999
2026-03-19,160.9853,289.9422,239.6499,210.3000,145.7000,64.8799,23.3600,42.5527,25.3899,80.3212,93.9597,332.4248
2026-03-20,158.0005,278.4711,233.4962,203.7500,140.7500,63.5200,23.1900,41.8063,25.6873,80.0399,93.2053,328.8810
2026-03-23,163.3811,284.1078,239.5514,211.3000,147.6000,64.7800,23.9600,43.9957,26.0776,80.7149,94.1979,336.6576
2026-03-24,161.5744,278.9655,238.0745,209.2000,151.5000,65.4400,23.8200,45.0107,25.8824,81.2399,94.1185,339.2170
2026-03-25,165.4037,284.8989,244.1298,211.8000,158.4000,67.0400,24.4000,45.8665,26.1705,82.1961,97.6919,347.6827
2026-03-26,160.4355,278.5700,234.5300,209.7500,150.2000,64.6400,23.7200,44.2743,26.1798,81.4461,95.1707,341.9733
2026-03-27,157.5096,275.3066,225.6687,204.9000,144.4000,63.1400,23.6000,43.2991,26.2913,81.0711,93.3641,339.3155
2026-03-30,156.2921,271.3511,224.0441,205.4000,142.0000,62.1800,23.0200,42.9408,26.4772,80.9399,94.2575,340.2999
2026-03-31,157.9023,276.2955,225.5702,205.7000,142.2500,63.2400,24.2600,43.6275,26.9698,80.9961,98.0492,351.8171
2026-04-01,164.8539,287.3711,236.2530,215.3500,152.2000,66.2800,24.8800,46.4338,27.9177,82.9648,103.8758,365.9921
2026-04-02,162.1439,284.1078,232.5116,213.3500,149.7000,65.8400,24.2700,45.4386,27.9735,81.8399,103.9254,360.6765
2026-04-07,159.6696,279.8556,229.6563,210.0000,147.7400,64.9200,24.0100,45.4187,27.3415,80.3024,103.9750,364.3187
2026-04-08,172.0803,309.6211,252.0065,231.5000,165.3800,70.1000,25.1300,51.2503,29.2374,84.9897,114.1492,387.1563
2026-04-09,167.7012,312.4889,252.1542,226.7500,164.5600,70.8000,23.0000,50.4940,28.7262,83.6023,114.7448,388.4360
2026-04-10,166.4248,309.8189,256.1911,229.4500,167.2200,71.8400,23.1500,51.7877,28.7913,83.4710,118.9137,396.2126
2026-04-13,167.3674,306.6544,256.2895,228.7000,165.9000,71.5800,22.3200,51.4294,28.5311,82.3273,118.8144,390.9954
2026-04-14,169.6257,313.8733,263.4278,237.2500,170.9600,72.2000,22.8400,52.5639,28.8285,84.8960,121.0974,393.3579
2026-04-15,168.5653,305.3689,262.0986,237.4000,169.3200,72.4000,22.7100,52.0265,29.2560,84.8960,120.5515,387.9438
2026-04-16,168.6635,294.8867,263.6247,239.6000,166.9400,72.4400,22.8400,50.7925,29.2281,83.8460,120.1048,391.0938
2026-04-17,176.2238,311.7966,274.3568,247.6500,172.0600,75.4800,16.6400,53.1809,30.2225,86.9021,120.7500,397.9844
2026-04-20,173.1800,299.6333,269.3846,242.5500,168.8400,74.2600,17.0850,52.6435,29.4233,84.8210,120.4000,392.5703
2026-04-21,170.5200,279.2622,267.9077,241.6000,166.9400,74.2000,17.0500,52.0862,29.2746,84.3522,119.3000,386.4672
2026-04-22,166.2400,269.4722,269.6800,241.6500,178.4200,76.7200,17.0000,52.0066,29.0794,83.1898,121.1500,386.1719
2026-04-23,168.1600,275.9000,270.6153,243.4000,182.8000,78.1000,17.0450,51.5290,28.6891,82.8336,122.5000,393.9485
2026-04-24,165.9200,267.0000,271.7476,243.1000,187.6200,77.9000,16.5200,50.2353,27.6575,81.2586,127.4000,389.7157
2026-04-27,165.5600,270.9555,270.8615,251.8500,177.4200,77.6200,16.3200,50.0561,28.4660,81.6899,124.5500,384.4985
2026-04-28,166.1000,268.2855,266.6277,251.1500,172.9800,76.4200,16.4800,49.0809,28.0385,81.2024,123.2000,378.1000
2026-04-29,174.6200,265.8133,267.3661,246.7500,175.2600,76.6800,16.3800,48.7326,27.7597,80.1337,124.3500,380.3000
2026-04-30,174.8800,269.9666,264.4616,252.5500,180.5800,78.4400,17.0800,49.0013,27.6668,80.8274,127.9500,383.1000
2026-05-04,176.1800,262.2533,256.5356,249.5500,176.8000,78.4200,16.8650,47.3593,27.4623,78.5588,126.3000,373.1000
2026-05-05,177.8600,269.2744,268.7446,260.5000,182.5600,80.5800,17.0550,49.3396,27.3601,79.0837,139.6000,381.8000
2026-05-06,188.5000,293.4034,278.3444,268.3000,185.8400,82.4000,17.5800,53.3003,28.5311,82.5523,143.8000,404.1000
2026-05-07,183.4400,291.5244,270.9600,266.2000,180.6800,81.2200,17.5350,53.0615,28.9400,82.5711,143.6500,384.3000
2026-05-08,179.8800,283.1189,268.4000,264.9500,178.1400,82.0200,17.3050,51.8076,28.6000,82.1398,152.0500,369.0000
2026-05-11,175.4800,281.2400,274.6500,268.6500,178.5000,83.5600,17.2200,52.5440,27.9400,82.4961,156.9000,368.1000
2026-05-12,172.5200,277.5811,265.3000,264.6000,169.4800,81.1600,16.8300,51.1568,27.5000,81.3149,148.8000,360.0000
2026-05-13,173.4400,278.3722,268.4000,266.8000,177.2400,82.8600,17.1700,54.7895,28.1000,81.1086,154.7000,360.3000
2026-05-14,172.7400,280.0533,270.9500,273.7000,177.0000,82.8600,17.7700,54.8893,28.3100,83.2835,156.3500,360.3000
2026-05-15,167.6800,268.3844,263.7500,259.6000,169.5400,82.0400,17.0500,52.1348,28.3900,82.4398,153.1500,353.7000
2026-05-18,170.3800,270.8567,260.9500,260.5000,169.9000,81.0600,16.9100,52.4941,28.6000,82.2898,147.9500,361.7000
2026-05-19,169.1000,271.1534,255.8000,256.8000,167.7000,79.6800,16.8400,51.1568,28.0600,82.1398,140.5000,360.6000
2026-05-20,173.3600,279.3611,264.6000,264.1000,174.3200,81.3400,16.8750,53.6917,27.7700,82.4211,144.4000,370.4000
2026-05-21,165.9600,276.5922,264.6000,264.0500,173.6200,82.2200,16.7000,54.4302,27.4400,83.0585,149.3000,376.4000
2026-05-22,169.5200,281.8333,269.0500,268.6000,175.4200,83.8000,16.8750,56.6657,27.8600,84.0710,149.8000,382.4000
2026-05-25,174.2600,298.1500,277.3000,276.7500,181.2800,83.8000,17.0150,58.1228,28.7700,85.2522,153.0000,389.7000
2026-05-26,172.2800,295.1000,273.2000,272.5500,181.3000,84.9200,17.2600,57.9631,28.6600,84.8397,150.3000,387.7000
2026-05-27,173.7000,299.0000,268.9500,274.0500,174.3600,83.6800,17.1550,58.0828,29.9000,86.6021,146.5000,387.3000
2026-05-28,177.7000,303.0000,267.2500,271.6500,166.7600,83.4400,17.1100,59.1407,29.6700,86.7709,150.3000,376.2000
2026-05-29,179.7000,305.7000,269.9500,269.8000,163.2400,83.6200,17.1400,59.2006,29.5900,86.0772,148.0000,376.5000
2026-06-01,173.1800,297.0000,276.2000,272.6500,160.0000,83.4200,17.1600,59.9391,28.4400,84.8960,149.3000,369.3000
2026-06-02,172.6800,298.0000,287.1500,278.7000,158.5200,86.1000,17.2650,61.1966,28.0200,85.3272,154.6500,382.6000
2026-06-03,169.3000,293.8000,283.4500,275.0000,160.1600,85.5600,17.2550,61.1367,27.2600,83.7335,154.1500,380.5000
2026-06-04,177.0000,300.3000,281.8500,272.0500,159.4800,84.6600,17.0500,62.0149,27.1500,83.0585,150.6000,382.3000
2026-06-05,178.9600,298.5000,269.0500,268.8000,158.0200,83.1000,17.1450,59.1008,26.8100,82.3461,145.3500,379.8000
2026-06-08,176.9600,294.5000,270.5000,268.0000,157.6400,82.6800,16.8450,58.6218,26.9700,82.4023,148.7000,376.2000
2026-06-09,175.7400,295.6000,263.4500,264.3000,148.3000,80.5200,16.4050,56.2865,27.1200,81.8211,142.4000,369.9000
2026-06-10,174.9600,291.5000,257.7000,258.4000,138.6800,79.6000,16.1150,55.5879,26.6900,80.9024,136.3000,365.0000
2026-06-11,175.2600,295.3000,264.3000,258.5000,147.0000,81.2800,15.7500,57.1248,26.8300,80.0774,142.9500,369.0000
2026-06-12,179.2800,306.1000,265.3000,264.5000,153.5800,81.6200,16.1900,60.4780,27.7700,82.8898,143.9000,378.6000
2026-06-15,183.6800,316.4000,270.1500,270.3500,156.2000,82.5800,16.1400,59.7994,28.8000,84.7647,145.5500,388.3000
2026-06-16,185.3000,324.0000,276.9500,273.0500,156.1200,84.0200,16.0400,59.1008,27.8200,84.0523,146.3500,390.7000
2026-06-17,187.0200,324.0000,282.7500,273.1000,161.7400,85.3800,16.1850,57.7036,27.2300,81.1274,146.0000,397.3000
2026-06-18,191.9400,333.5000,291.0000,276.8000,169.3400,86.8600,16.2000,55.7476,27.0300,78.8400,147.7500,406.7000
2026-06-19,189.4200,329.4000,289.2500,274.5000,168.9200,87.1000,16.2350,54.8693,28.0800,80.4400,153.2000,406.7000
2026-06-22,189.5200,331.2000,292.7500,279.0000,169.1400,88.5600,16.2100,55.3883,27.8200,80.3200,154.7000,405.0000
2026-06-23,193.2600,331.1000,279.5000,272.2500,162.5000,86.1000,16.1750,55.7276,26.6200,77.9200,148.3500,393.0000
2026-06-24,195.1000,338.4000,280.5000,271.4000,159.8600,86.5800,15.9050,54.1109,26.6100,76.0200,147.9000,386.9000
2026-06-25,195.0800,343.7000,279.5500,272.4000,163.4600,86.7200,15.6850,54.1707,26.2100,76.0200,148.1000,396.5000
2026-06-26,191.9000,332.7000,276.0500,267.5000,153.9200,84.5200,15.3800,52.4143,26.0700,74.2800,142.8500,385.7000
2026-06-29,191.5800,336.5000,278.1000,269.2000,157.0600,85.4400,15.0050,51.3963,25.2800,71.3600,144.7500,389.8000
2026-06-30,194.5400,345.0000,285.4000,281.1500,165.8000,87.5800,15.2150,52.5939,25.0800,70.1000,146.0500,399.9000
2026-07-01,198.2200,349.9000,276.6500,273.4500,163.3400,86.1800,15.1300,51.9352,26.2800,69.9400,143.1000,395.6000
2026-07-02,203.9000,353.3000,275.9000,276.9000,165.8200,84.9200,15.4450,55.2286,25.9400,73.3000,142.1000,394.6000
2026-07-03,206.1500,356.7000,280.1000,284.1000,168.1200,87.3800,16.0100,58.4820,26.3700,74.6600,146.3000,411.8000
2026-07-06,209.4000,357.1000,278.3500,281.6000,170.4400,87.1000,16.1600,56.8453,26.1500,75.5000,143.2500,406.6000
2026-07-07,203.9500,347.2000,268.0000,269.6000,155.3000,83.3600,15.8250,56.0070,26.3300,75.8000,133.8000,387.9000
2026-07-08,197.3600,332.5000,263.8000,265.5500,151.9000,82.3600,15.5500,53.4921,25.2400,72.3800,133.3000,378.6000
2026-07-09,196.5200,340.0000,270.0000,273.8000,156.2400,84.6800,15.6300,54.4103,25.2900,71.5200,136.5500,389.0000
2026-07-10,197.2600,336.1000,269.6500,272.8500,152.1200,83.5800,15.6700,57.9032,25.8100,70.9800,135.0500,390.9000
2026-07-13,195.2800,330.1000,268.5500,272.1000,150.6800,83.8200,15.2600,57.9232,26.1800,71.4400,133.3500,389.3000
2026-07-14,195.9400,327.8000,273.1000,272.9000,154.1200,85.4800,15.2500,58.6018,25.8400,71.8800,137.8500,390.8000
2026-07-15,195.3800,330.8000,270.1500,270.1000,152.1800,83.1800,15.6200,58.4421,26.7900,74.4000,134.3500,384.1000
2026-07-16,195.6200,329.1000,264.3500,270.7000,148.7400,78.2600,15.9100,57.8234,26.8900,73.4600,131.3000,372.9000
2026-07-17,194.3200,329.5000,262.4500,264.5500,147.6600,79.2000,15.7050,57.8633,26.1400,73.1200,125.3500,338.1000
2026-07-20,191.7800,324.7000,264.7000,265.1500,152.6400,79.2800,15.8450,58.1228,25.9000,72.5400,125.0000,335.5000
2026-07-21,194.6000,322.9000,268.8000,270.4500,158.1400,80.8800,15.9650,57.7435,25.8800,72.5600,130.4000,346.9000
2026-07-22,208.3000,327.3000,269.0000,271.2500,152.3200,80.7000,16.1250,58.1228,26.3600,72.9600,128.2500,349.4000
2026-07-23,204.5000,321.4000,265.4000,268.2000,150.4600,79.8600,16.0250,57.7236,26.0300,72.9400,126.1000,343.9000
2026-07-24,206.0500,329.8000,268.0500,272.2500,151.3400,80.0000,16.0100,58.8214,26.1400,71.4600,126.9000,349.7000
2026-07-27,208.9000,333.2000,265.6000,272.7500,148.3800,79.0000,16.2100,58.0429,26.5000,70.7400,122.1000,352.5000
2026-07-28,212.0000,343.0000,262.0000,271.7500,137.9000,77.4200,16.3300,58.9411,27.1500,73.9200,116.8500,348.4000
2026-07-29,209.9000,339.8000,256.8000,271.2500,135.1800,76.3000,16.3900,57.6637,27.9100,75.3800,114.7000,346.8000
2026-07-30,204.0000,340.3000,284.6000,281.1000,146.1600,78.6600,16.0100,59.4800,27.9700,76.1400,119.8500,355.0000
2026-07-31,202.2000,338.4000,289.6000,282.6500,147.4400,79.5200,16.0800,60.6177,27.2600,74.6600,120.2000,356.0000
2026-08-03,208.0000,351.3000,290.1000,285.3000,147.5400,80.0800,16.5450,61.6956,28.4500,76.3000,119.4500,357.0000
2026-08-04,214.1000,356.4000,299.2500,287.4500,150.8600,81.6600,16.8400,64.3103,28.4000,76.9000,123.6000,369.5000
2026-08-05,214.9500,358.5000,300.4000,285.9500,150.8600,82.3400,16.5550,64.4700,28.1300,76.0800,122.1000,374.5000
2026-08-06,212.4500,355.2000,300.6000,273.1000,153.6800,82.3200,16.9250,63.8600,28.2000,75.5600,124.5000,367.7000
2026-08-07,213.6000,357.4000,303.7000,279.8000,153.5400,81.7600,16.6600,62.9800,28.6400,76.3200,126.0000,365.3000
2026-08-10,214.6500,363.2000,302.2500,276.9500,154.6000,81.8000,16.3000,64.2200,28.7300,75.4200,125.8500,367.1000
2026-08-11,212.5000,361.5000,305.7500,280.2500,158.5600,82.6400,16.3800,64.1800,28.5400,75.4400,127.5500,368.2000
2026-08-12,213.6500,363.6000,311.0000,281.9500,161.7000,83.4800,16.2000,64.1800,28.3300,73.8600,131.4000,365.6000
2026-08-13,212.9000,358.0000,309.2500,284.1000,160.7200,83.2400,15.9850,63.6600,28.2300,72.9400,130.6000,358.6000
2026-08-14,215.4000,360.5000,306.4000,284.0000,160.7200,82.7800,16.2300,63.7400,28.6300,73.7200,127.9500,359.2000
2026-08-17,214.2500,361.1000,308.7500,282.3000,162.8000,83.0000,16.0750,63.3200,28.3900,73.2200,131.0500,361.4000
2026-08-18,209.8000,353.1000,295.1000,275.8000,154.2800,80.5600,15.8000,61.7400,28.5900,73.0000,124.6500,356.9000
2026-08-19,208.0500,349.1000,294.0000,276.6500,154.3400,80.3800,15.8750,62.2400,29.1900,74.8400,123.6000,358.5000
2026-08-20,204.8000,343.6000,294.3000,276.0000,152.5800,79.6000,15.8250,61.1600,28.6100,74.4400,122.5500,368.7000
2026-08-21,203.7000,343.6000,296.8000,280.3500,153.3600,80.2000,15.9900,62.5800,28.6300,75.0200,124.0000,380.8000
2026-08-24,202.7000,339.9000,291.8000,280.6000,148.7400,78.1800,16.0400,62.8000,28.3100,73.8200,117.6000,387.1000
2026-08-25,204.5500,343.8000,296.2500,285.5500,152.7600,79.6200,16.1800,62.5600,27.3900,73.3000,121.0000,394.8000
2026-08-26,205.8500,350.4000,299.2000,288.1000,151.1000,79.7000,16.9050,64.5600,27.2200,72.4200,121.6500,394.5000
2026-08-27,203.4000,343.2000,297.5500,286.9500,150.2400,79.2800,16.6650,63.9000,28.4000,75.0000,123.6000,394.1000
2026-08-28,203.0500,344.2000,301.7500,289.8500,149.7000,80.1000,16.3950,64.6000,29.4300,77.4200,122.0500,393.1000
2026-08-31,197.2400,337.0000,294.6000,285.6000,142.1800,79.0000,16.3600,64.1000,29.7200,77.6800,120.2000,384.4000
2026-09-01,196.1800,331.6000,288.2000,277.8500,141.0800,77.8800,15.8300,63.7400,29.0100,76.5800,117.1000,373.9000
2026-09-02,196.9000,328.7000,286.7500,273.8000,142.2400,77.4600,15.6750,64.2600,27.6900,73.7000,119.1000,370.1000
2026-09-03,197.0000,331.5000,287.3500,270.6000,145.4000,77.2200,16.1750,65.6600,28.8500,76.3600,119.8000,380.2000
2026-09-04,198.9600,333.5000,288.0000,272.6500,146.5200,77.7600,16.5000,67.2400,29.1400,81.3000,122.2500,390.1000
2026-09-07,198.6600,333.1000,295.5000,270.4000,148.4800,79.0000,16.3000,67.5400,29.2000,81.0200,125.5000,393.3000
2026-09-08,200.7000,333.6000,299.6000,272.5000,148.8600,80.9800,16.3200,66.8800,29.5800,83.1000,128.5000,402.4000
2026-09-09,196.3400,322.8000,289.7000,264.4000,145.1400,78.3200,15.8500,66.4200,29.1900,81.7000,126.9500,392.6000
2026-09-10,195.7800,322.0000,287.4000,258.1000,140.8200,77.8600,15.5000,64.6800,28.9200,81.1800,123.6000,384.0000
2026-09-11,199.4000,330.2000,291.1000,264.6500,144.2600,78.6600,15.8750,64.3600,29.5800,81.1800,127.2500,385.2000
2026-09-14,195.0000,321.6000,272.0500,261.8000,132.6600,75.4400,15.7800,62.6400,29.3600,81.4600,118.2500,367.6000
2026-09-15,194.8000,322.3000,275.3000,258.8000,133.0000,76.6800,15.6250,63.2400,29.6000,81.0200,118.2000,370.6000
2026-09-16,196.2800,326.3000,279.4000,260.5000,137.1200,78.2600,15.7650,64.6800,28.2700,78.8800,122.2000,375.0000
2026-09-17,195.5000,331.6000,287.1000,266.6000,141.8000,79.5200,15.6950,65.5400,28.9500,81.0400,121.6500,373.1000
2026-09-18,193.3800,323.0000,285.7500,264.0000,140.2000,80.0200,15.2800,63.1200,27.4100,76.5200,122.4500,369.9000
2026-09-21,194.7800,330.7000,295.0000,273.5000,143.1600,82.1400,14.9550,62.8600,27.0700,74.9800,126.1000,375.4000
