ticker,company,country,theme,return_12m,momentum_6m,volatility_12m,max_drawdown_2y,return_score,momentum_score,volatility_score,drawdown_score,composite_score
ABBN.SW,ABB,Switzerland,Electrification and automation,0.4101,0.1568,0.2823,-0.2610,0.8333,0.8333,1.0000,0.9167,88.7500
SIE.DE,Siemens,Germany,Industrial automation,0.1497,0.2176,0.3252,-0.2733,0.5000,1.0000,0.5833,0.8333,72.5000
SAND.ST,Sandvik,Sweden,Industrial technology,0.3550,-0.0681,0.3119,-0.2784,0.7500,0.4167,0.7500,0.6667,64.5833
MT.AS,ArcelorMittal,Luxembourg,Materials,0.6482,0.1344,0.4175,-0.3192,1.0000,0.7500,0.2500,0.4167,64.1667
AIR.PA,Airbus,France,Aerospace,-0.0609,0.1288,0.2919,-0.2771,0.3333,0.5833,0.9167,0.7500,61.6667
SU.PA,Schneider Electric,France,Electrification and automation,0.2369,0.2016,0.3336,-0.3134,0.5833,0.9167,0.4167,0.5000,61.2500
SAF.PA,Safran,France,Aerospace,0.0988,0.0564,0.3297,-0.2362,0.4167,0.5000,0.5000,1.0000,60.0000
PRY.MI,Prysmian,Italy,Grid infrastructure,0.4342,0.1312,0.4111,-0.4354,0.9167,0.6667,0.3333,0.2500,57.0833
ENR.DE,Siemens Energy,Germany,Energy infrastructure,0.3472,-0.1163,0.5025,-0.2929,0.6667,0.3333,0.0833,0.5833,44.5833
VOW3.DE,Volkswagen,Germany,Mobility,-0.2118,-0.1928,0.2945,-0.3372,0.2500,0.1667,0.8333,0.3333,36.6667
RNO.PA,Renault,France,Mobility,-0.2519,-0.1409,0.3232,-0.4696,0.1667,0.2500,0.6667,0.1667,28.7500
ALO.PA,Alstom,France,Rail infrastructure,-0.3359,-0.3446,0.4213,-0.5127,0.0833,0.0833,0.1667,0.0833,10.0000
